positives,contrast,auc,lo,hi,folds
all focal,focal vs clean-normal,0.784582618673552,0.7706739489497098,0.8021745975058772,5
all focal,focal vs clean-normal + generalized,0.7576941395587549,0.7443217468855486,0.7737564808081246,5
all focal,focal vs generalized,0.635104811271626,0.6184873362257598,0.650203880254814,5
exclusively focal (no pathologic generalized),focal vs clean-normal,0.7579447733487165,0.7484605386203368,0.7745802056666811,5
exclusively focal (no pathologic generalized),focal vs clean-normal + generalized,0.7292672220515536,0.7208954987988367,0.7434632576750185,5
exclusively focal (no pathologic generalized),focal vs generalized,0.5985797011020283,0.5780327266041552,0.6164776541247129,5
